{
    "setting" : {
        "version" : "0.1",
        "log_loc" : "c:\\Temp\\aide-dbcomp-install.log",
        "database" : {
            "server" : "localhost",
            "dbase" : "AIDE"
        },
        "installs" : {
            "full" : {
                "folders" : [
                    "database", 
                    "users", 
                    "tables", 
                    "views", 
                    "stored_procedures", 
                    "functions" , 
                    "data"
                ]
            },
            "delta" :{
                "all" : {
                    "folders":[
                        "tables", 
                        "views", 
                        "stored_procedures", 
                        "functions" ,
                        "data"
                    ]
                },
                "account" : {
                    "names" : [
                        "dept_retail"
                    ],
                    "folders":[
                        "tables", 
                        "views", 
                        "stored_procedures", 
                        "functions" 
                    ]
                }
            }
        }
    }
}